,0,1,2,3,4,5
0,2000,1.327869,366.475006,1.0,ppm,spo
1,2000,1.557377,366.447998,1.0,ppm,spo
2,2000,1.754098,366.51001,1.0,ppm,spo
3,2000,2.016393,366.26800499999996,1.0,ppm,spo
4,2000,2.590164,366.177002,1.0,ppm,spo
5,2000,2.721311,366.02999900000003,1.0,ppm,spo
6,2000,3.131148,366.052002,1.0,ppm,spo
7,2000,3.327869,366.059998,1.0,ppm,spo
8,2000,3.622951,365.897003,1.0,ppm,spo
9,2000,3.819672,366.03799399999997,1.0,ppm,spo
10,2000,4.016393,366.165009,1.0,ppm,spo
11,2000,4.065574,365.98999,1.0,ppm,spo
12,2000,4.295082,366.127991,1.0,ppm,spo
13,2000,4.491803,366.042999,1.0,ppm,spo
14,2000,4.754098,366.10699500000004,1.0,ppm,spo
15,2000,5.1311480000000005,366.092987,1.0,ppm,spo
16,2000,5.360656,366.200012,1.0,ppm,spo
17,2000,5.491803,366.22000099999997,1.0,ppm,spo
18,2000,5.950819999999999,366.265015,1.0,ppm,spo
19,2000,6.032787,366.362,1.0,ppm,spo
20,2000,6.327869000000001,366.447998,1.0,ppm,spo
21,2000,6.52459,366.48999,1.0,ppm,spo
22,2000,6.852459,366.65499900000003,1.0,ppm,spo
23,2000,7.131148,366.48999,1.0,ppm,spo
24,2000,7.42623,366.769989,1.0,ppm,spo
25,2000,7.491803,366.802002,1.0,ppm,spo
26,2000,7.688525,367.019989,1.0,ppm,spo
27,2000,7.918033,367.015015,1.0,ppm,spo
28,2000,8.065574,367.16299399999997,1.0,ppm,spo
29,2000,8.295082,367.304993,1.0,ppm,spo
30,2000,8.491802999999999,367.339996,1.0,ppm,spo
31,2000,8.983607000000001,367.434998,1.0,ppm,spo
32,2000,9.065574,367.45300299999997,1.0,ppm,spo
33,2000,9.295082,367.582001,1.0,ppm,spo
34,2000,9.491802999999999,367.459991,1.0,ppm,spo
35,2000,9.721311,367.588013,1.0,ppm,spo
36,2000,9.852459,367.58700600000003,1.0,ppm,spo
37,2000,10.032786999999999,367.59201,1.0,ppm,spo
38,2000,10.491802999999999,367.63198900000003,1.0,ppm,spo
39,2000,10.754097999999999,367.609985,1.0,ppm,spo
40,2000,10.983607000000001,367.684998,1.0,ppm,spo
41,2000,11.032786999999999,367.709991,1.0,ppm,spo
42,2000,11.229508000000001,367.75,1.0,ppm,spo
43,2000,11.52459,367.744995,1.0,ppm,spo
44,2000,11.721311,367.707001,1.0,ppm,spo
45,2000,12.065574,367.72000099999997,1.0,ppm,spo
46,2000,12.229508000000001,367.822998,1.0,ppm,spo
47,2000,12.491802999999999,367.763,1.0,ppm,spo
48,2000,12.655738000000001,367.78299,1.0,ppm,spo
49,2000,12.95082,367.609985,1.0,ppm,spo
50,2001,1.0327870000000001,367.71701,1.0,ppm,spo
51,2001,1.295082,367.700012,1.0,ppm,spo
52,2001,1.491803,367.684998,1.0,ppm,spo
53,2001,1.754098,367.682007,1.0,ppm,spo
54,2001,7.524589999999999,368.640015,1.0,ppm,spo
55,2001,7.786885000000001,368.769989,1.0,ppm,spo
56,2001,8.032786999999999,368.829987,1.0,ppm,spo
57,2001,8.262295,369.0,1.0,ppm,spo
58,2001,8.491802999999999,369.035004,1.0,ppm,spo
59,2001,8.721311,369.190002,1.0,ppm,spo
60,2001,9.032786999999999,369.29699700000003,1.0,ppm,spo
61,2001,9.262295,369.27999900000003,1.0,ppm,spo
62,2001,9.491802999999999,369.265015,1.0,ppm,spo
63,2001,9.688525,369.5,1.0,ppm,spo
64,2001,10.032786999999999,369.815002,1.0,ppm,spo
65,2001,10.262295,369.725006,1.0,ppm,spo
66,2001,10.491802999999999,369.679993,1.0,ppm,spo
67,2001,10.721311,369.88501,1.0,ppm,spo
68,2001,10.983607000000001,369.945007,1.0,ppm,spo
69,2001,11.016392999999999,369.825012,1.0,ppm,spo
70,2001,11.491802999999999,369.807007,1.0,ppm,spo
71,2001,11.721311,369.769989,1.0,ppm,spo
72,2001,11.983607000000001,369.692993,1.0,ppm,spo
73,2001,12.262295,369.540009,1.0,ppm,spo
74,2001,12.491802999999999,369.630005,1.0,ppm,spo
75,2001,12.688525,369.649994,1.0,ppm,spo
76,2001,12.918033,369.554993,1.0,ppm,spo
77,2002,1.065574,369.420013,1.0,ppm,spo
78,2002,1.491803,369.197998,1.0,ppm,spo
79,2002,1.721311,369.160004,1.0,ppm,spo
80,2002,2.098361,369.184998,1.0,ppm,spo
81,2002,2.262295,369.26001,1.0,ppm,spo
82,2002,2.42623,369.230011,1.0,ppm,spo
83,2002,2.754098,369.082001,1.0,ppm,spo
84,2002,3.032787,369.11499,1.0,ppm,spo
85,2002,3.262295,369.15499900000003,1.0,ppm,spo
86,2002,3.5245900000000003,369.388,1.0,ppm,spo
87,2002,3.983607,369.484985,1.0,ppm,spo
88,2002,4.032787,369.363007,1.0,ppm,spo
89,2002,4.393443,369.209991,1.0,ppm,spo
90,2002,4.590164,369.394989,1.0,ppm,spo
91,2002,4.918033,369.579987,1.0,ppm,spo
92,2002,5.032787,369.617004,1.0,ppm,spo
93,2002,5.360656,369.774994,1.0,ppm,spo
94,2002,5.52459,369.72000099999997,1.0,ppm,spo
95,2002,5.8852459999999995,369.855011,1.0,ppm,spo
96,2002,6.032787,369.997009,1.0,ppm,spo
97,2002,6.229508,370.015015,1.0,ppm,spo
98,2002,6.491803,370.315002,1.0,ppm,spo
99,2002,6.688525,370.315002,1.0,ppm,spo
100,2002,6.950819999999999,370.429993,1.0,ppm,spo
101,2002,7.032787,370.43798799999996,1.0,ppm,spo
102,2002,7.163933999999999,370.484985,1.0,ppm,spo
103,2002,7.491803,370.744995,1.0,ppm,spo
104,2002,7.622951,370.744995,1.0,ppm,spo
105,2002,7.852459,370.869995,1.0,ppm,spo
106,2002,8.032786999999999,370.97699,1.0,ppm,spo
107,2002,8.327869,371.11499,1.0,ppm,spo
108,2002,8.491802999999999,371.459991,1.0,ppm,spo
109,2002,8.983607000000001,371.549988,1.0,ppm,spo
110,2002,9.065574,371.51001,1.0,ppm,spo
111,2002,9.295082,371.524994,1.0,ppm,spo
112,2002,9.557377,371.700012,1.0,ppm,spo
113,2002,9.655738000000001,371.695007,1.0,ppm,spo
114,2002,9.885246,371.839996,1.0,ppm,spo
115,2002,10.032786999999999,371.839996,1.0,ppm,spo
116,2002,10.196721,371.920013,1.0,ppm,spo
117,2002,10.360656,371.934998,1.0,ppm,spo
118,2002,10.491802999999999,371.890015,1.0,ppm,spo
119,2002,10.819672,371.98999,1.0,ppm,spo
120,2002,11.065574,372.07800299999997,1.0,ppm,spo
121,2002,11.262295,371.894989,1.0,ppm,spo
122,2002,11.590164,371.95300299999997,1.0,ppm,spo
123,2002,11.786885,371.910004,1.0,ppm,spo
124,2002,11.95082,371.86499,1.0,ppm,spo
125,2002,12.098361,371.826996,1.0,ppm,spo
126,2002,12.459016,371.725006,1.0,ppm,spo
127,2002,12.557377,371.695007,1.0,ppm,spo
128,2002,12.885246,371.660004,1.0,ppm,spo
129,2003,1.131148,372.024994,1.0,ppm,spo
130,2003,1.3606559999999999,372.0,1.0,ppm,spo
131,2003,1.52459,372.02301,1.0,ppm,spo
132,2003,1.754098,371.917999,1.0,ppm,spo
133,2003,2.032787,372.109985,1.0,ppm,spo
134,2003,2.229508,371.725006,1.0,ppm,spo
135,2003,2.459016,372.005005,1.0,ppm,spo
136,2003,2.688525,371.704987,1.0,ppm,spo
137,2003,3.032787,371.709991,1.0,ppm,spo
138,2003,3.229508,372.200012,1.0,ppm,spo
139,2003,3.4590160000000005,372.024994,1.0,ppm,spo
140,2003,3.557377,371.97000099999997,1.0,ppm,spo
141,2003,3.721311,371.929993,1.0,ppm,spo
142,2003,3.9180330000000003,372.190002,1.0,ppm,spo
143,2003,4.032787,371.820007,1.0,ppm,spo
144,2003,4.360656,372.049988,1.0,ppm,spo
145,2003,4.52459,372.054993,1.0,ppm,spo
146,2003,5.295082,372.25,1.0,ppm,spo
147,2003,5.491803,372.36499,1.0,ppm,spo
148,2003,5.754098,372.52999900000003,1.0,ppm,spo
149,2003,6.032787,372.625,1.0,ppm,spo
150,2003,6.885246,373.005005,1.0,ppm,spo
151,2003,7.065574000000001,372.859985,1.0,ppm,spo
152,2003,7.360656,372.994995,1.0,ppm,spo
153,2003,7.590164,373.225006,1.0,ppm,spo
154,2003,7.852459,373.329987,1.0,ppm,spo
155,2003,8.032786999999999,373.257996,1.0,ppm,spo
156,2003,8.262295,373.410004,1.0,ppm,spo
157,2003,8.491802999999999,373.59201,1.0,ppm,spo
158,2003,8.786885,373.725006,1.0,ppm,spo
159,2003,9.032786999999999,373.867004,1.0,ppm,spo
160,2003,9.557377,374.02999900000003,1.0,ppm,spo
161,2003,9.721311,374.015015,1.0,ppm,spo
162,2003,9.885246,373.829987,1.0,ppm,spo
163,2003,10.032786999999999,374.070007,1.0,ppm,spo
164,2003,10.327869,373.984985,1.0,ppm,spo
165,2003,10.557377,373.954987,1.0,ppm,spo
166,2003,10.786885,373.945007,1.0,ppm,spo
167,2003,11.032786999999999,373.809998,1.0,ppm,spo
168,2003,11.262295,373.855011,1.0,ppm,spo
169,2003,11.52459,374.054993,1.0,ppm,spo
170,2003,11.721311,373.855011,1.0,ppm,spo
171,2003,11.983607000000001,373.88501,1.0,ppm,spo
172,2003,12.032786999999999,373.86499,1.0,ppm,spo
173,2003,12.163934,373.875,1.0,ppm,spo
174,2003,12.42623,373.834991,1.0,ppm,spo
175,2003,12.52459,373.89801,1.0,ppm,spo
176,2003,12.852459,374.070007,1.0,ppm,spo
177,2004,1.0983610000000001,373.929993,1.0,ppm,spo
178,2004,1.327869,373.929993,1.0,ppm,spo
179,2004,2.016393,373.704987,1.0,ppm,spo
180,2004,2.5245900000000003,373.52301,1.0,ppm,spo
181,2004,2.754098,373.5,1.0,ppm,spo
182,2004,2.9180330000000003,373.785004,1.0,ppm,spo
183,2004,3.098361,373.734985,1.0,ppm,spo
184,2004,3.1967209999999997,373.519989,1.0,ppm,spo
185,2004,3.4590160000000005,373.545013,1.0,ppm,spo
186,2004,3.557377,373.697998,1.0,ppm,spo
187,2004,3.983607,373.579987,1.0,ppm,spo
188,2004,4.098361,373.778015,1.0,ppm,spo
189,2004,4.393443,373.63501,1.0,ppm,spo
190,2004,4.6229510000000005,373.924988,1.0,ppm,spo
191,2004,4.786885,374.02999900000003,1.0,ppm,spo
192,2004,5.098361,373.855011,1.0,ppm,spo
193,2004,5.327869000000001,374.0,1.0,ppm,spo
194,2004,5.52459,374.109985,1.0,ppm,spo
195,2004,5.754098,374.304993,1.0,ppm,spo
196,2004,5.983607,374.105011,1.0,ppm,spo
197,2004,6.229508,374.445007,1.0,ppm,spo
198,2004,6.491803,374.554993,1.0,ppm,spo
199,2004,6.819672,374.649994,1.0,ppm,spo
200,2004,6.983607000000001,374.804993,1.0,ppm,spo
201,2004,7.131148,374.70300299999997,1.0,ppm,spo
202,2004,7.491803,374.799988,1.0,ppm,spo
203,2004,7.852459,374.994995,1.0,ppm,spo
204,2004,8.098361,375.302002,1.0,ppm,spo
205,2004,8.262295,375.375,1.0,ppm,spo
206,2004,8.52459,375.524994,1.0,ppm,spo
207,2004,9.065574,375.684998,1.0,ppm,spo
208,2004,9.42623,375.61499,1.0,ppm,spo
209,2004,9.590164,375.61499,1.0,ppm,spo
210,2004,9.852459,375.815002,1.0,ppm,spo
211,2004,10.098361,375.852997,1.0,ppm,spo
212,2004,10.360656,375.579987,1.0,ppm,spo
213,2004,10.557377,375.867004,1.0,ppm,spo
214,2004,10.852459,375.690002,1.0,ppm,spo
215,2004,11.065574,375.815002,1.0,ppm,spo
216,2004,11.196721,375.730011,1.0,ppm,spo
217,2004,11.360656,375.734985,1.0,ppm,spo
218,2004,11.491802999999999,375.72000099999997,1.0,ppm,spo
219,2004,11.655738000000001,375.619995,1.0,ppm,spo
220,2004,11.852459,375.575012,1.0,ppm,spo
221,2004,12.032786999999999,375.382996,1.0,ppm,spo
222,2004,12.327869,375.609985,1.0,ppm,spo
223,2004,12.557377,375.559998,1.0,ppm,spo
224,2004,12.852459,375.570007,1.0,ppm,spo
225,2005,1.0983610000000001,375.52999900000003,1.0,ppm,spo
226,2005,1.131148,375.670013,1.0,ppm,spo
227,2005,1.229508,375.820007,1.0,ppm,spo
228,2005,1.491803,375.549988,1.0,ppm,spo
229,2005,1.688525,375.549988,1.0,ppm,spo
230,2005,1.918033,375.059998,1.0,ppm,spo
231,2005,2.032787,375.355011,1.0,ppm,spo
232,2005,2.360656,375.089996,1.0,ppm,spo
233,2005,2.491803,375.269989,1.0,ppm,spo
234,2005,2.5573770000000002,374.964996,1.0,ppm,spo
235,2005,2.786885,374.679993,1.0,ppm,spo
236,2005,3.032787,374.98999,1.0,ppm,spo
237,2005,3.131148,375.140015,1.0,ppm,spo
238,2005,3.3606559999999996,375.22000099999997,1.0,ppm,spo
239,2005,3.491803,375.197998,1.0,ppm,spo
240,2005,3.590164,375.26001,1.0,ppm,spo
241,2005,3.819672,375.165009,1.0,ppm,spo
242,2005,4.032787,375.380005,1.0,ppm,spo
243,2005,4.262295,375.394989,1.0,ppm,spo
244,2005,4.491803,375.377991,1.0,ppm,spo
245,2005,4.754098,375.630005,1.0,ppm,spo
246,2005,4.950819999999999,375.630005,1.0,ppm,spo
247,2005,5.065574,375.704987,1.0,ppm,spo
248,2005,5.196721,375.644989,1.0,ppm,spo
249,2005,5.42623,375.90499900000003,1.0,ppm,spo
250,2005,5.52459,375.929993,1.0,ppm,spo
251,2005,5.6557379999999995,375.940002,1.0,ppm,spo
252,2005,5.8852459999999995,376.005005,1.0,ppm,spo
253,2005,6.032787,376.26001,1.0,ppm,spo
254,2005,6.098361,376.230011,1.0,ppm,spo
255,2005,6.327869000000001,376.375,1.0,ppm,spo
256,2005,6.491803,376.484985,1.0,ppm,spo
257,2005,6.590164,376.475006,1.0,ppm,spo
258,2005,6.852459,376.684998,1.0,ppm,spo
259,2005,6.983607000000001,376.692993,1.0,ppm,spo
260,2005,7.163933999999999,377.225006,1.0,ppm,spo
261,2005,7.327869000000001,376.709991,1.0,ppm,spo
262,2005,7.491803,376.964996,1.0,ppm,spo
263,2005,7.721311,376.980011,1.0,ppm,spo
264,2005,7.950819999999999,377.195007,1.0,ppm,spo
265,2005,8.065574,377.274994,1.0,ppm,spo
266,2005,8.491802999999999,377.475006,1.0,ppm,spo
267,2005,8.852459,377.51001,1.0,ppm,spo
268,2005,9.032786999999999,377.61499,1.0,ppm,spo
269,2005,9.295082,377.665009,1.0,ppm,spo
270,2005,9.491802999999999,377.708008,1.0,ppm,spo
271,2005,9.754097999999999,377.934998,1.0,ppm,spo
272,2005,10.065574,377.90499900000003,1.0,ppm,spo
273,2005,10.622950999999999,378.011993,1.0,ppm,spo
274,2005,10.721311,377.910004,1.0,ppm,spo
275,2005,10.918033,377.809998,1.0,ppm,spo
276,2005,11.032786999999999,377.777008,1.0,ppm,spo
277,2005,11.196721,377.790009,1.0,ppm,spo
278,2005,11.360656,377.809998,1.0,ppm,spo
279,2005,11.491802999999999,377.822998,1.0,ppm,spo
280,2005,11.688525,377.880005,1.0,ppm,spo
281,2005,11.885246,377.704987,1.0,ppm,spo
282,2005,12.032786999999999,377.886993,1.0,ppm,spo
283,2005,12.131148,377.795013,1.0,ppm,spo
284,2005,12.262295,377.765015,1.0,ppm,spo
285,2005,12.52459,377.872009,1.0,ppm,spo
286,2005,12.721311,377.834991,1.0,ppm,spo
287,2005,12.918033,377.730011,1.0,ppm,spo
288,2006,1.065574,377.928009,1.0,ppm,spo
289,2006,1.2622950000000002,377.815002,1.0,ppm,spo
290,2006,1.491803,377.945007,1.0,ppm,spo
291,2006,1.852459,377.709991,1.0,ppm,spo
292,2006,2.032787,377.535004,1.0,ppm,spo
293,2006,2.262295,377.380005,1.0,ppm,spo
294,2006,2.491803,377.511993,1.0,ppm,spo
295,2006,2.721311,377.475006,1.0,ppm,spo
296,2006,3.032787,377.47000099999997,1.0,ppm,spo
297,2006,3.262295,377.804993,1.0,ppm,spo
298,2006,3.491803,377.519989,1.0,ppm,spo
299,2006,3.721311,377.755005,1.0,ppm,spo
300,2006,3.9508199999999998,377.790009,1.0,ppm,spo
301,2006,4.098361,377.73999,1.0,ppm,spo
302,2006,4.295082,377.695007,1.0,ppm,spo
303,2006,4.491803,377.910004,1.0,ppm,spo
304,2006,4.6229510000000005,377.839996,1.0,ppm,spo
305,2006,4.852459,377.875,1.0,ppm,spo
306,2006,5.032787,378.113007,1.0,ppm,spo
307,2006,5.262295,378.089996,1.0,ppm,spo
308,2006,5.491803,378.075012,1.0,ppm,spo
309,2006,5.754098,378.144989,1.0,ppm,spo
310,2006,6.032787,378.144989,1.0,ppm,spo
311,2006,6.262295,378.329987,1.0,ppm,spo
312,2006,6.491803,378.263,1.0,ppm,spo
313,2006,6.721311,378.515015,1.0,ppm,spo
314,2006,7.032787,378.488007,1.0,ppm,spo
315,2006,7.262295,378.665009,1.0,ppm,spo
316,2006,7.491803,378.709991,1.0,ppm,spo
317,2006,7.655738,378.77999900000003,1.0,ppm,spo
318,2006,7.852459,378.880005,1.0,ppm,spo
319,2006,8.032786999999999,379.138,1.0,ppm,spo
320,2006,8.295082,379.244995,1.0,ppm,spo
321,2006,8.491802999999999,379.166992,1.0,ppm,spo
322,2006,8.819672,379.214996,1.0,ppm,spo
323,2006,9.032786999999999,379.290009,1.0,ppm,spo
324,2006,9.262295,379.369995,1.0,ppm,spo
325,2006,9.491802999999999,379.540009,1.0,ppm,spo
326,2006,9.622950999999999,379.411987,1.0,ppm,spo
327,2006,9.819672,379.480011,1.0,ppm,spo
328,2006,10.032786999999999,379.597992,1.0,ppm,spo
329,2006,10.262295,379.554993,1.0,ppm,spo
330,2006,10.491802999999999,379.519989,1.0,ppm,spo
331,2006,10.557377,379.505005,1.0,ppm,spo
332,2006,10.786885,379.609985,1.0,ppm,spo
333,2006,11.163934,379.57800299999997,1.0,ppm,spo
334,2006,11.393443,379.649994,1.0,ppm,spo
335,2006,11.491802999999999,379.552002,1.0,ppm,spo
336,2006,11.721311,379.605011,1.0,ppm,spo
337,2006,12.032786999999999,379.5,1.0,ppm,spo
338,2006,12.262295,379.570007,1.0,ppm,spo
339,2006,12.590164,379.684998,1.0,ppm,spo
340,2007,1.0327870000000001,379.31298799999996,1.0,ppm,spo
341,2007,1.295082,379.48999,1.0,ppm,spo
342,2007,1.491803,379.359985,1.0,ppm,spo
343,2007,1.7868849999999998,379.484985,1.0,ppm,spo
344,2007,2.032787,379.683014,1.0,ppm,spo
345,2007,2.491803,379.382996,1.0,ppm,spo
346,2007,2.819672,379.415009,1.0,ppm,spo
347,2007,3.032787,379.257996,1.0,ppm,spo
348,2007,3.262295,379.554993,1.0,ppm,spo
349,2007,3.491803,379.477997,1.0,ppm,spo
350,2007,3.786885,379.51001,1.0,ppm,spo
351,2007,4.065574,379.524994,1.0,ppm,spo
352,2007,4.360656,379.709991,1.0,ppm,spo
353,2007,4.52459,379.774994,1.0,ppm,spo
354,2007,4.786885,379.90499900000003,1.0,ppm,spo
355,2007,5.032787,379.954987,1.0,ppm,spo
356,2007,5.262295,380.144989,1.0,ppm,spo
357,2007,5.491803,380.02999900000003,1.0,ppm,spo
358,2007,5.786885,380.15499900000003,1.0,ppm,spo
359,2007,6.032787,380.303009,1.0,ppm,spo
360,2007,6.491803,380.432007,1.0,ppm,spo
361,2007,6.786885000000001,380.730011,1.0,ppm,spo
362,2007,7.032787,380.666992,1.0,ppm,spo
363,2007,7.295082000000001,380.825012,1.0,ppm,spo
364,2007,7.557377000000001,380.89300499999996,1.0,ppm,spo
365,2007,7.786885000000001,380.940002,1.0,ppm,spo
366,2007,8.032786999999999,381.182007,1.0,ppm,spo
367,2007,8.262295,381.295013,1.0,ppm,spo
368,2007,8.491802999999999,381.399994,1.0,ppm,spo
369,2007,8.786885,381.429993,1.0,ppm,spo
370,2007,9.098361,381.535004,1.0,ppm,spo
371,2007,9.327869,381.704987,1.0,ppm,spo
372,2007,9.491802999999999,381.774994,1.0,ppm,spo
373,2007,9.786885,381.929993,1.0,ppm,spo
374,2007,10.032786999999999,381.839996,1.0,ppm,spo
375,2007,10.262295,381.940002,1.0,ppm,spo
376,2007,10.491802999999999,381.84500099999997,1.0,ppm,spo
377,2007,10.786885,381.799988,1.0,ppm,spo
378,2007,11.032786999999999,381.88501,1.0,ppm,spo
379,2007,11.295082,381.804993,1.0,ppm,spo
380,2007,11.557377,381.829987,1.0,ppm,spo
381,2007,11.557377,381.934998,1.0,ppm,spo
382,2007,11.852459,382.005005,1.0,ppm,spo
383,2007,12.065574,381.95300299999997,1.0,ppm,spo
384,2007,12.262295,381.899994,1.0,ppm,spo
385,2007,12.491802999999999,381.822998,1.0,ppm,spo
386,2007,12.819672,381.829987,1.0,ppm,spo
387,2008,1.0327870000000001,381.863007,1.0,ppm,spo
388,2008,1.295082,381.847992,1.0,ppm,spo
389,2008,1.491803,381.994995,1.0,ppm,spo
390,2008,1.7868849999999998,381.714996,1.0,ppm,spo
0,2000,3.590164,366.015015,1.0,ppm,crz
1,2000,3.9508199999999998,366.309998,1.0,ppm,crz
2,2000,4.262295,366.054993,1.0,ppm,crz
3,2000,4.52459,366.089996,1.0,ppm,crz
4,2000,4.918033,366.26001,1.0,ppm,crz
5,2000,5.196721,365.84500099999997,1.0,ppm,crz
6,2000,5.360656,366.40499900000003,1.0,ppm,crz
7,2000,5.590164,366.140015,1.0,ppm,crz
8,2000,5.8852459999999995,366.375,1.0,ppm,crz
9,2000,6.295082,366.519989,1.0,ppm,crz
10,2000,6.688525,367.024994,1.0,ppm,crz
11,2000,6.852459,366.65499900000003,1.0,ppm,crz
12,2000,7.163933999999999,367.024994,1.0,ppm,crz
13,2000,7.688525,366.934998,1.0,ppm,crz
14,2000,7.950819999999999,367.165009,1.0,ppm,crz
15,2000,8.262295,367.274994,1.0,ppm,crz
16,2000,8.459016,367.339996,1.0,ppm,crz
17,2000,8.721311,367.575012,1.0,ppm,crz
18,2000,9.196721,367.924988,1.0,ppm,crz
19,2000,10.360656,367.76001,1.0,ppm,crz
20,2000,10.754097999999999,368.410004,1.0,ppm,crz
21,2000,11.295082,367.834991,1.0,ppm,crz
22,2000,11.721311,367.5,1.0,ppm,crz
23,2000,11.918033,367.734985,1.0,ppm,crz
24,2000,12.032786999999999,367.700012,1.0,ppm,crz
25,2000,12.491802999999999,367.690002,1.0,ppm,crz
26,2001,1.4262299999999999,367.174988,1.0,ppm,crz
27,2001,1.754098,367.26001,1.0,ppm,crz
28,2001,1.95082,366.834991,1.0,ppm,crz
29,2001,2.262295,367.149994,1.0,ppm,crz
30,2001,2.622951,367.054993,1.0,ppm,crz
31,2001,2.852459,367.174988,1.0,ppm,crz
32,2001,3.262295,367.040009,1.0,ppm,crz
33,2001,3.491803,367.02999900000003,1.0,ppm,crz
34,2001,4.065574,367.34500099999997,1.0,ppm,crz
35,2001,4.393443,367.545013,1.0,ppm,crz
36,2001,4.754098,367.209991,1.0,ppm,crz
37,2001,5.098361,366.76001,1.0,ppm,crz
38,2001,5.721311,368.184998,1.0,ppm,crz
39,2001,5.950819999999999,367.90499900000003,1.0,ppm,crz
40,2001,6.295082,368.059998,1.0,ppm,crz
41,2001,6.918033,369.225006,1.0,ppm,crz
42,2001,7.131148,368.480011,1.0,ppm,crz
43,2001,7.721311,369.049988,1.0,ppm,crz
44,2001,8.016392999999999,368.790009,1.0,ppm,crz
45,2001,8.295082,368.869995,1.0,ppm,crz
46,2001,8.655738000000001,369.290009,1.0,ppm,crz
47,2001,8.983607000000001,369.415009,1.0,ppm,crz
48,2001,9.52459,369.225006,1.0,ppm,crz
49,2001,9.754097999999999,369.714996,1.0,ppm,crz
50,2001,9.983607000000001,369.684998,1.0,ppm,crz
51,2001,10.262295,369.575012,1.0,ppm,crz
52,2001,10.52459,370.040009,1.0,ppm,crz
53,2002,4.918033,371.190002,1.0,ppm,crz
54,2002,6.590164,370.52999900000003,1.0,ppm,crz
55,2002,6.950819999999999,370.049988,1.0,ppm,crz
56,2002,7.196721000000001,370.690002,1.0,ppm,crz
57,2002,7.721311,371.119995,1.0,ppm,crz
58,2002,8.016392999999999,371.049988,1.0,ppm,crz
59,2002,8.229508000000001,371.27999900000003,1.0,ppm,crz
60,2002,8.491802999999999,371.434998,1.0,ppm,crz
61,2002,8.688525,371.559998,1.0,ppm,crz
62,2002,8.754097999999999,371.679993,1.0,ppm,crz
63,2002,9.163934,371.660004,1.0,ppm,crz
64,2002,9.688525,371.88501,1.0,ppm,crz
65,2002,9.95082,371.649994,1.0,ppm,crz
66,2002,10.360656,371.559998,1.0,ppm,crz
67,2002,10.688525,371.75,1.0,ppm,crz
68,2003,7.327869000000001,373.734985,1.0,ppm,crz
69,2003,7.622951,373.410004,1.0,ppm,crz
70,2003,8.032786999999999,373.144989,1.0,ppm,crz
71,2003,8.229508000000001,373.834991,1.0,ppm,crz
72,2003,8.688525,374.02999900000003,1.0,ppm,crz
73,2003,8.885246,374.869995,1.0,ppm,crz
74,2003,9.196721,374.100006,1.0,ppm,crz
75,2003,9.459016,374.09500099999997,1.0,ppm,crz
76,2003,9.688525,374.045013,1.0,ppm,crz
77,2003,9.95082,374.005005,1.0,ppm,crz
78,2003,10.131148,373.929993,1.0,ppm,crz
79,2003,10.327869,373.785004,1.0,ppm,crz
80,2003,10.590164,373.875,1.0,ppm,crz
81,2003,11.098361,374.140015,1.0,ppm,crz
82,2003,11.229508000000001,373.98999,1.0,ppm,crz
83,2003,11.42623,373.920013,1.0,ppm,crz
84,2003,11.688525,373.734985,1.0,ppm,crz
85,2003,12.032786999999999,373.920013,1.0,ppm,crz
86,2003,12.327869,373.795013,1.0,ppm,crz
87,2003,12.885246,373.119995,1.0,ppm,crz
88,2004,1.131148,373.565002,1.0,ppm,crz
89,2004,1.622951,373.450012,1.0,ppm,crz
90,2004,2.42623,373.184998,1.0,ppm,crz
91,2004,2.786885,373.070007,1.0,ppm,crz
92,2004,3.098361,373.584991,1.0,ppm,crz
93,2004,3.3606559999999996,373.674988,1.0,ppm,crz
94,2004,4.163933999999999,373.714996,1.0,ppm,crz
95,2004,4.42623,373.86499,1.0,ppm,crz
96,2004,4.6557379999999995,374.36499,1.0,ppm,crz
97,2004,5.1311480000000005,374.299988,1.0,ppm,crz
98,2004,5.6557379999999995,374.375,1.0,ppm,crz
99,2004,5.852459,374.605011,1.0,ppm,crz
100,2004,6.065574,374.494995,1.0,ppm,crz
101,2004,6.295082,374.834991,1.0,ppm,crz
102,2004,6.557377000000001,375.0,1.0,ppm,crz
103,2004,6.819672,374.929993,1.0,ppm,crz
104,2004,6.983607000000001,375.109985,1.0,ppm,crz
105,2004,7.229508,375.059998,1.0,ppm,crz
106,2004,7.721311,375.524994,1.0,ppm,crz
107,2004,7.918033,375.274994,1.0,ppm,crz
108,2004,8.196721,375.484985,1.0,ppm,crz
109,2004,8.459016,375.700012,1.0,ppm,crz
110,2004,9.032786999999999,375.744995,1.0,ppm,crz
111,2004,9.459016,375.804993,1.0,ppm,crz
112,2004,9.721311,375.894989,1.0,ppm,crz
113,2004,10.032786999999999,375.950012,1.0,ppm,crz
114,2004,10.196721,375.945007,1.0,ppm,crz
115,2004,10.459016,375.424988,1.0,ppm,crz
116,2004,10.688525,375.359985,1.0,ppm,crz
117,2004,10.918033,375.535004,1.0,ppm,crz
118,2004,11.098361,375.609985,1.0,ppm,crz
119,2004,11.360656,375.734985,1.0,ppm,crz
120,2004,11.557377,375.829987,1.0,ppm,crz
121,2004,11.754097999999999,375.584991,1.0,ppm,crz
122,2004,12.098361,375.475006,1.0,ppm,crz
123,2004,12.42623,375.019989,1.0,ppm,crz
124,2004,12.557377,375.274994,1.0,ppm,crz
125,2004,12.721311,374.890015,1.0,ppm,crz
126,2005,1.0983610000000001,374.84500099999997,1.0,ppm,crz
127,2005,1.196721,375.88501,1.0,ppm,crz
128,2005,1.6557380000000002,375.630005,1.0,ppm,crz
129,2005,1.983607,375.23999,1.0,ppm,crz
130,2005,2.262295,375.350006,1.0,ppm,crz
131,2005,2.5573770000000002,374.97000099999997,1.0,ppm,crz
132,2005,2.819672,375.459991,1.0,ppm,crz
133,2005,3.0655740000000002,375.559998,1.0,ppm,crz
134,2005,3.229508,375.105011,1.0,ppm,crz
135,2005,3.491803,375.225006,1.0,ppm,crz
136,2005,3.688525,375.52999900000003,1.0,ppm,crz
137,2005,3.983607,375.299988,1.0,ppm,crz
138,2005,4.229508,375.674988,1.0,ppm,crz
139,2005,4.393443,375.820007,1.0,ppm,crz
140,2005,4.721311,375.695007,1.0,ppm,crz
141,2005,4.8852459999999995,375.63501,1.0,ppm,crz
142,2005,5.1311480000000005,376.045013,1.0,ppm,crz
143,2005,5.295082,376.184998,1.0,ppm,crz
144,2005,5.688525,376.13501,1.0,ppm,crz
145,2005,5.819672,376.174988,1.0,ppm,crz
146,2005,5.983607,376.309998,1.0,ppm,crz
147,2005,6.295082,376.625,1.0,ppm,crz
148,2005,6.491803,376.690002,1.0,ppm,crz
149,2005,6.721311,376.734985,1.0,ppm,crz
150,2005,6.950819999999999,376.934998,1.0,ppm,crz
151,2005,7.131148,376.975006,1.0,ppm,crz
152,2005,7.360656,377.265015,1.0,ppm,crz
153,2005,7.622951,377.295013,1.0,ppm,crz
154,2005,8.032786999999999,377.40499900000003,1.0,ppm,crz
155,2005,8.196721,377.47000099999997,1.0,ppm,crz
156,2005,8.360656,377.679993,1.0,ppm,crz
157,2005,8.52459,377.774994,1.0,ppm,crz
158,2005,8.721311,377.734985,1.0,ppm,crz
159,2005,9.016392999999999,377.920013,1.0,ppm,crz
160,2005,9.229508000000001,377.785004,1.0,ppm,crz
161,2005,9.459016,377.994995,1.0,ppm,crz
162,2005,9.688525,377.644989,1.0,ppm,crz
163,2005,10.032786999999999,377.97000099999997,1.0,ppm,crz
164,2005,10.131148,378.079987,1.0,ppm,crz
165,2005,10.459016,377.834991,1.0,ppm,crz
166,2005,10.557377,377.34500099999997,1.0,ppm,crz
167,2005,10.786885,377.730011,1.0,ppm,crz
168,2005,11.131148,378.15499900000003,1.0,ppm,crz
169,2005,11.229508000000001,377.875,1.0,ppm,crz
170,2005,11.459016,377.90499900000003,1.0,ppm,crz
171,2005,11.655738000000001,378.019989,1.0,ppm,crz
172,2005,11.918033,377.954987,1.0,ppm,crz
173,2005,12.229508000000001,377.755005,1.0,ppm,crz
174,2005,12.459016,377.98999,1.0,ppm,crz
175,2005,12.622950999999999,377.704987,1.0,ppm,crz
176,2005,12.852459,377.77999900000003,1.0,ppm,crz
177,2006,1.065574,377.640015,1.0,ppm,crz
178,2006,1.327869,377.13501,1.0,ppm,crz
179,2006,1.52459,377.730011,1.0,ppm,crz
180,2006,1.7868849999999998,377.459991,1.0,ppm,crz
181,2006,2.016393,377.140015,1.0,ppm,crz
182,2006,2.229508,377.359985,1.0,ppm,crz
183,2006,2.42623,377.605011,1.0,ppm,crz
184,2006,2.885246,378.755005,1.0,ppm,crz
185,2006,3.262295,378.290009,1.0,ppm,crz
186,2006,3.5245900000000003,377.920013,1.0,ppm,crz
187,2006,3.688525,377.63501,1.0,ppm,crz
188,2006,3.9508199999999998,377.48999,1.0,ppm,crz
189,2006,4.098361,377.84500099999997,1.0,ppm,crz
190,2006,4.327869000000001,377.880005,1.0,ppm,crz
191,2006,4.557377,377.834991,1.0,ppm,crz
192,2006,4.786885,378.369995,1.0,ppm,crz
193,2006,5.032787,378.049988,1.0,ppm,crz
194,2006,5.360656,378.019989,1.0,ppm,crz
195,2006,5.557377,378.179993,1.0,ppm,crz
196,2006,5.754098,378.450012,1.0,ppm,crz
197,2006,5.950819999999999,378.394989,1.0,ppm,crz
198,2006,6.196721,378.640015,1.0,ppm,crz
199,2006,6.42623,378.579987,1.0,ppm,crz
200,2006,6.688525,378.84500099999997,1.0,ppm,crz
201,2006,6.885246,378.559998,1.0,ppm,crz
202,2006,7.098361,378.755005,1.0,ppm,crz
203,2006,7.327869000000001,378.690002,1.0,ppm,crz
204,2006,7.622951,379.105011,1.0,ppm,crz
205,2006,7.852459,378.744995,1.0,ppm,crz
206,2006,8.327869,379.22000099999997,1.0,ppm,crz
207,2006,8.459016,379.394989,1.0,ppm,crz
208,2006,8.721311,379.209991,1.0,ppm,crz
209,2006,8.95082,379.304993,1.0,ppm,crz
210,2006,9.131148,379.475006,1.0,ppm,crz
211,2006,9.393443,379.454987,1.0,ppm,crz
212,2006,9.622950999999999,379.480011,1.0,ppm,crz
213,2006,9.852459,379.640015,1.0,ppm,crz
214,2006,10.295082,379.434998,1.0,ppm,crz
215,2006,10.655738000000001,379.450012,1.0,ppm,crz
216,2006,10.885246,379.100006,1.0,ppm,crz
217,2006,11.065574,379.38501,1.0,ppm,crz
218,2006,11.262295,379.454987,1.0,ppm,crz
219,2006,11.42623,379.47000099999997,1.0,ppm,crz
220,2006,11.655738000000001,379.464996,1.0,ppm,crz
221,2006,11.885246,379.23999,1.0,ppm,crz
222,2006,12.327869,379.51001,1.0,ppm,crz
223,2006,12.491802999999999,379.084991,1.0,ppm,crz
224,2006,12.754097999999999,379.545013,1.0,ppm,crz
225,2006,12.95082,379.394989,1.0,ppm,crz
226,2007,1.3606559999999999,378.98999,1.0,ppm,crz
227,2007,1.590164,378.859985,1.0,ppm,crz
228,2007,1.721311,379.52999900000003,1.0,ppm,crz
229,2007,2.016393,379.299988,1.0,ppm,crz
230,2007,2.163934,379.244995,1.0,ppm,crz
231,2007,2.5573770000000002,379.274994,1.0,ppm,crz
232,2007,2.688525,379.209991,1.0,ppm,crz
233,2007,3.032787,379.149994,1.0,ppm,crz
234,2007,3.163934,379.204987,1.0,ppm,crz
235,2007,3.4590160000000005,379.459991,1.0,ppm,crz
236,2007,3.622951,379.420013,1.0,ppm,crz
237,2007,3.8524589999999996,379.709991,1.0,ppm,crz
238,2007,4.065574,379.894989,1.0,ppm,crz
239,2007,4.42623,379.890015,1.0,ppm,crz
240,2007,4.590164,379.565002,1.0,ppm,crz
241,2007,4.754098,379.934998,1.0,ppm,crz
242,2007,5.032787,380.105011,1.0,ppm,crz
243,2007,5.52459,380.299988,1.0,ppm,crz
244,2007,5.918033,380.295013,1.0,ppm,crz
245,2007,6.1311480000000005,380.714996,1.0,ppm,crz
246,2007,6.393443,380.570007,1.0,ppm,crz
247,2007,6.655738,380.644989,1.0,ppm,crz
248,2007,6.885246,380.690002,1.0,ppm,crz
249,2007,7.131148,380.790009,1.0,ppm,crz
250,2007,7.327869000000001,381.140015,1.0,ppm,crz
251,2007,7.524589999999999,380.769989,1.0,ppm,crz
252,2007,7.819672,381.070007,1.0,ppm,crz
253,2007,8.098361,381.429993,1.0,ppm,crz
254,2007,8.42623,381.690002,1.0,ppm,crz
255,2007,8.721311,381.445007,1.0,ppm,crz
256,2007,9.016392999999999,381.625,1.0,ppm,crz
257,2007,9.327869,381.90499900000003,1.0,ppm,crz
258,2007,9.590164,381.734985,1.0,ppm,crz
259,2007,9.95082,381.630005,1.0,ppm,crz
260,2007,10.360656,381.804993,1.0,ppm,crz
261,2007,10.655738000000001,381.774994,1.0,ppm,crz
262,2007,10.918033,381.450012,1.0,ppm,crz
263,2007,11.163934,381.725006,1.0,ppm,crz
264,2007,11.42623,381.605011,1.0,ppm,crz
265,2007,11.622950999999999,381.584991,1.0,ppm,crz
266,2007,11.918033,381.704987,1.0,ppm,crz
267,2007,12.098361,380.924988,1.0,ppm,crz
268,2007,12.393443,381.535004,1.0,ppm,crz
269,2007,12.590164,381.72000099999997,1.0,ppm,crz
270,2007,12.852459,381.329987,1.0,ppm,crz
271,2008,1.0327870000000001,381.670013,1.0,ppm,crz
272,2008,1.327869,381.52999900000003,1.0,ppm,crz
273,2008,1.688525,381.434998,1.0,ppm,crz
0,2000,1.622951,366.540009,1.0,ppm,cgo
1,2000,1.688525,366.304993,1.0,ppm,cgo
2,2000,1.918033,366.410004,1.0,ppm,cgo
3,2000,2.360656,366.174988,1.0,ppm,cgo
4,2000,2.754098,366.640015,1.0,ppm,cgo
5,2000,2.885246,365.920013,1.0,ppm,cgo
6,2000,3.098361,366.165009,1.0,ppm,cgo
7,2000,3.4590160000000005,366.02999900000003,1.0,ppm,cgo
8,2000,3.655738,366.26001,1.0,ppm,cgo
9,2000,3.9508199999999998,366.299988,1.0,ppm,cgo
10,2000,4.196721,366.255005,1.0,ppm,cgo
11,2000,4.459016,366.27999900000003,1.0,ppm,cgo
12,2000,4.590164,366.26001,1.0,ppm,cgo
13,2000,5.196721,366.054993,1.0,ppm,cgo
14,2000,5.491803,366.390015,1.0,ppm,cgo
15,2000,5.721311,366.195007,1.0,ppm,cgo
16,2000,5.983607,366.47000099999997,1.0,ppm,cgo
17,2000,6.229508,366.459991,1.0,ppm,cgo
18,2000,6.42623,366.25,1.0,ppm,cgo
19,2000,6.721311,366.714996,1.0,ppm,cgo
20,2000,6.983607000000001,366.665009,1.0,ppm,cgo
21,2000,7.327869000000001,367.059998,1.0,ppm,cgo
22,2000,7.622951,367.11499,1.0,ppm,cgo
23,2000,7.688525,367.045013,1.0,ppm,cgo
24,2000,7.885246,367.27999900000003,1.0,ppm,cgo
25,2000,8.295082,367.244995,1.0,ppm,cgo
26,2000,8.557377,367.179993,1.0,ppm,cgo
27,2000,8.852459,367.34500099999997,1.0,ppm,cgo
28,2000,9.016392999999999,367.475006,1.0,ppm,cgo
29,2000,9.163934,367.665009,1.0,ppm,cgo
30,2000,9.393443,367.589996,1.0,ppm,cgo
31,2000,9.590164,367.299988,1.0,ppm,cgo
32,2000,9.95082,367.51001,1.0,ppm,cgo
33,2000,10.098361,367.660004,1.0,ppm,cgo
34,2000,10.327869,367.584991,1.0,ppm,cgo
35,2000,10.52459,367.72000099999997,1.0,ppm,cgo
36,2000,10.885246,367.630005,1.0,ppm,cgo
37,2000,11.688525,367.644989,1.0,ppm,cgo
38,2000,11.754097999999999,367.644989,1.0,ppm,cgo
39,2000,12.032786999999999,367.52999900000003,1.0,ppm,cgo
40,2000,12.163934,367.815002,1.0,ppm,cgo
41,2000,12.42623,367.484985,1.0,ppm,cgo
42,2000,12.918033,367.484985,1.0,ppm,cgo
43,2001,1.163934,367.23999,1.0,ppm,cgo
44,2001,1.491803,367.195007,1.0,ppm,cgo
45,2001,1.754098,367.415009,1.0,ppm,cgo
46,2001,1.95082,367.399994,1.0,ppm,cgo
47,2001,2.295082,367.350006,1.0,ppm,cgo
48,2001,2.459016,367.584991,1.0,ppm,cgo
49,2001,2.9180330000000003,367.375,1.0,ppm,cgo
50,2001,3.4262300000000003,367.445007,1.0,ppm,cgo
51,2001,3.7540980000000004,367.660004,1.0,ppm,cgo
52,2001,3.885246,367.309998,1.0,ppm,cgo
53,2001,4.065574,367.375,1.0,ppm,cgo
54,2001,4.360656,367.674988,1.0,ppm,cgo
55,2001,4.6229510000000005,367.825012,1.0,ppm,cgo
56,2001,4.8852459999999995,367.63501,1.0,ppm,cgo
57,2001,5.590164,367.725006,1.0,ppm,cgo
58,2001,5.983607,368.130005,1.0,ppm,cgo
59,2001,6.42623,368.149994,1.0,ppm,cgo
60,2001,6.491803,368.035004,1.0,ppm,cgo
61,2001,6.655738,368.109985,1.0,ppm,cgo
62,2001,6.852459,368.274994,1.0,ppm,cgo
63,2001,7.524589999999999,368.584991,1.0,ppm,cgo
64,2001,7.622951,368.540009,1.0,ppm,cgo
65,2001,7.885246,368.799988,1.0,ppm,cgo
66,2001,8.032786999999999,368.98999,1.0,ppm,cgo
67,2001,8.196721,368.630005,1.0,ppm,cgo
68,2001,8.557377,369.089996,1.0,ppm,cgo
69,2001,9.131148,369.52999900000003,1.0,ppm,cgo
70,2001,9.459016,369.369995,1.0,ppm,cgo
71,2001,9.655738000000001,369.640015,1.0,ppm,cgo
72,2001,9.819672,369.679993,1.0,ppm,cgo
73,2001,10.098361,369.695007,1.0,ppm,cgo
74,2001,10.393443,369.625,1.0,ppm,cgo
75,2001,10.590164,369.820007,1.0,ppm,cgo
76,2001,10.95082,369.450012,1.0,ppm,cgo
77,2001,11.42623,369.540009,1.0,ppm,cgo
78,2001,11.852459,369.190002,1.0,ppm,cgo
79,2001,12.327869,369.63501,1.0,ppm,cgo
80,2001,12.688525,369.399994,1.0,ppm,cgo
81,2002,1.0983610000000001,369.320007,1.0,ppm,cgo
82,2002,1.2622950000000002,369.100006,1.0,ppm,cgo
83,2002,1.459016,369.200012,1.0,ppm,cgo
84,2002,1.95082,369.674988,1.0,ppm,cgo
85,2002,2.590164,369.410004,1.0,ppm,cgo
86,2002,2.688525,369.350006,1.0,ppm,cgo
87,2002,2.885246,369.410004,1.0,ppm,cgo
88,2002,3.229508,369.484985,1.0,ppm,cgo
89,2002,3.4262300000000003,369.47000099999997,1.0,ppm,cgo
90,2002,3.655738,369.524994,1.0,ppm,cgo
91,2002,3.885246,369.5,1.0,ppm,cgo
92,2002,4.1311480000000005,369.589996,1.0,ppm,cgo
93,2002,4.852459,369.839996,1.0,ppm,cgo
94,2002,5.196721,370.02999900000003,1.0,ppm,cgo
95,2002,5.42623,369.945007,1.0,ppm,cgo
96,2002,5.557377,369.940002,1.0,ppm,cgo
97,2002,6.016393,370.015015,1.0,ppm,cgo
98,2002,6.295082,370.26001,1.0,ppm,cgo
99,2002,6.42623,370.575012,1.0,ppm,cgo
100,2002,6.688525,370.350006,1.0,ppm,cgo
101,2002,6.852459,370.600006,1.0,ppm,cgo
102,2002,7.327869000000001,370.855011,1.0,ppm,cgo
103,2002,7.557377000000001,371.070007,1.0,ppm,cgo
104,2002,7.754098,371.589996,1.0,ppm,cgo
105,2002,8.196721,371.22000099999997,1.0,ppm,cgo
106,2002,8.393443,371.315002,1.0,ppm,cgo
107,2002,8.721311,371.515015,1.0,ppm,cgo
108,2002,9.131148,371.704987,1.0,ppm,cgo
109,2002,9.327869,371.734985,1.0,ppm,cgo
110,2002,9.590164,371.825012,1.0,ppm,cgo
111,2002,9.852459,371.795013,1.0,ppm,cgo
112,2002,10.262295,371.855011,1.0,ppm,cgo
113,2002,10.52459,371.684998,1.0,ppm,cgo
114,2002,10.688525,371.815002,1.0,ppm,cgo
115,2002,10.918033,371.920013,1.0,ppm,cgo
116,2002,11.163934,371.59500099999997,1.0,ppm,cgo
117,2002,11.42623,371.825012,1.0,ppm,cgo
118,2002,11.721311,371.674988,1.0,ppm,cgo
119,2002,11.852459,371.690002,1.0,ppm,cgo
120,2002,12.163934,371.755005,1.0,ppm,cgo
121,2002,12.360656,371.290009,1.0,ppm,cgo
122,2002,12.754097999999999,371.579987,1.0,ppm,cgo
123,2003,1.459016,371.559998,1.0,ppm,cgo
124,2003,1.688525,371.454987,1.0,ppm,cgo
125,2003,1.983607,371.549988,1.0,ppm,cgo
126,2003,2.42623,371.505005,1.0,ppm,cgo
127,2003,2.590164,371.84500099999997,1.0,ppm,cgo
128,2003,2.852459,371.98999,1.0,ppm,cgo
129,2003,3.131148,371.815002,1.0,ppm,cgo
130,2003,3.4262300000000003,371.869995,1.0,ppm,cgo
131,2003,3.655738,371.869995,1.0,ppm,cgo
132,2003,4.016393,371.84500099999997,1.0,ppm,cgo
133,2003,4.262295,371.940002,1.0,ppm,cgo
134,2003,4.491803,372.054993,1.0,ppm,cgo
135,2003,4.983607,372.325012,1.0,ppm,cgo
136,2003,5.295082,372.25,1.0,ppm,cgo
137,2003,5.688525,372.390015,1.0,ppm,cgo
138,2003,5.918033,372.380005,1.0,ppm,cgo
139,2003,6.098361,372.684998,1.0,ppm,cgo
140,2003,6.42623,372.714996,1.0,ppm,cgo
141,2003,6.622951,372.63501,1.0,ppm,cgo
142,2003,6.754098,372.75,1.0,ppm,cgo
143,2003,7.262295,372.920013,1.0,ppm,cgo
144,2003,7.524589999999999,373.035004,1.0,ppm,cgo
145,2003,7.819672,373.410004,1.0,ppm,cgo
146,2003,8.459016,373.700012,1.0,ppm,cgo
147,2003,8.819672,373.950012,1.0,ppm,cgo
148,2003,9.032786999999999,373.98999,1.0,ppm,cgo
149,2003,9.163934,374.040009,1.0,ppm,cgo
150,2003,9.852459,374.054993,1.0,ppm,cgo
151,2003,10.262295,373.924988,1.0,ppm,cgo
152,2003,10.688525,373.954987,1.0,ppm,cgo
153,2003,11.163934,373.524994,1.0,ppm,cgo
154,2003,11.360656,373.690002,1.0,ppm,cgo
155,2003,11.852459,373.644989,1.0,ppm,cgo
156,2003,12.032786999999999,373.725006,1.0,ppm,cgo
157,2003,12.42623,373.649994,1.0,ppm,cgo
158,2003,12.754097999999999,373.459991,1.0,ppm,cgo
159,2004,1.229508,373.480011,1.0,ppm,cgo
160,2004,1.459016,373.39300499999996,1.0,ppm,cgo
161,2004,1.721311,373.899994,1.0,ppm,cgo
162,2004,2.0655740000000002,373.315002,1.0,ppm,cgo
163,2004,2.42623,373.855011,1.0,ppm,cgo
164,2004,2.590164,373.559998,1.0,ppm,cgo
165,2004,2.754098,373.84500099999997,1.0,ppm,cgo
166,2004,3.032787,373.640015,1.0,ppm,cgo
167,2004,3.163934,373.65499900000003,1.0,ppm,cgo
168,2004,3.393443,373.915009,1.0,ppm,cgo
169,2004,3.622951,374.165009,1.0,ppm,cgo
170,2004,3.8524589999999996,373.765015,1.0,ppm,cgo
171,2004,4.032787,373.765015,1.0,ppm,cgo
172,2004,4.196721,373.76001,1.0,ppm,cgo
173,2004,4.754098,373.769989,1.0,ppm,cgo
174,2004,4.983607,374.054993,1.0,ppm,cgo
175,2004,5.1311480000000005,374.299988,1.0,ppm,cgo
176,2004,5.6229510000000005,374.100006,1.0,ppm,cgo
177,2004,5.819672,374.40499900000003,1.0,ppm,cgo
178,2004,6.065574,374.434998,1.0,ppm,cgo
179,2004,6.327869000000001,374.52999900000003,1.0,ppm,cgo
180,2004,6.491803,374.994995,1.0,ppm,cgo
181,2004,6.688525,374.579987,1.0,ppm,cgo
182,2004,6.983607000000001,374.855011,1.0,ppm,cgo
183,2004,7.163933999999999,374.890015,1.0,ppm,cgo
184,2004,7.622951,374.910004,1.0,ppm,cgo
185,2004,7.852459,375.334991,1.0,ppm,cgo
186,2004,8.098361,375.390015,1.0,ppm,cgo
187,2004,8.327869,375.25,1.0,ppm,cgo
188,2004,9.016392999999999,375.75,1.0,ppm,cgo
189,2004,9.42623,375.420013,1.0,ppm,cgo
190,2004,9.557377,375.394989,1.0,ppm,cgo
191,2004,9.754097999999999,375.420013,1.0,ppm,cgo
192,2004,9.885246,375.684998,1.0,ppm,cgo
193,2004,10.131148,375.61499,1.0,ppm,cgo
194,2004,10.42623,375.47000099999997,1.0,ppm,cgo
195,2004,10.819672,375.549988,1.0,ppm,cgo
196,2004,11.065574,375.51001,1.0,ppm,cgo
197,2004,11.262295,375.589996,1.0,ppm,cgo
198,2004,11.459016,375.584991,1.0,ppm,cgo
199,2004,11.983607000000001,376.23999,1.0,ppm,cgo
200,2004,12.459016,375.434998,1.0,ppm,cgo
201,2004,12.52459,375.674988,1.0,ppm,cgo
202,2004,12.655738000000001,375.225006,1.0,ppm,cgo
203,2004,12.786885,375.48999,1.0,ppm,cgo
204,2005,1.163934,375.665009,1.0,ppm,cgo
205,2005,1.459016,375.140015,1.0,ppm,cgo
206,2005,1.557377,375.070007,1.0,ppm,cgo
207,2005,1.7868849999999998,375.579987,1.0,ppm,cgo
208,2005,2.295082,375.149994,1.0,ppm,cgo
209,2005,2.491803,375.170013,1.0,ppm,cgo
210,2005,2.819672,375.359985,1.0,ppm,cgo
211,2005,3.0655740000000002,375.390015,1.0,ppm,cgo
212,2005,3.229508,375.334991,1.0,ppm,cgo
213,2005,3.491803,375.519989,1.0,ppm,cgo
214,2005,4.196721,375.325012,1.0,ppm,cgo
215,2005,4.360656,375.454987,1.0,ppm,cgo
216,2005,4.590164,375.704987,1.0,ppm,cgo
217,2005,4.852459,375.660004,1.0,ppm,cgo
218,2005,5.295082,376.065002,1.0,ppm,cgo
219,2005,5.754098,376.369995,1.0,ppm,cgo
220,2005,5.852459,376.334991,1.0,ppm,cgo
221,2005,6.032787,376.309998,1.0,ppm,cgo
222,2005,6.557377000000001,377.355011,1.0,ppm,cgo
223,2005,6.918033,377.299988,1.0,ppm,cgo
224,2005,7.229508,376.940002,1.0,ppm,cgo
225,2005,7.360656,376.769989,1.0,ppm,cgo
226,2005,7.590164,377.11499,1.0,ppm,cgo
227,2005,7.852459,377.445007,1.0,ppm,cgo
228,2005,8.131148,377.434998,1.0,ppm,cgo
229,2005,8.295082,377.619995,1.0,ppm,cgo
230,2005,8.491802999999999,377.59500099999997,1.0,ppm,cgo
231,2005,8.721311,377.605011,1.0,ppm,cgo
232,2005,9.032786999999999,377.559998,1.0,ppm,cgo
233,2005,9.393443,377.785004,1.0,ppm,cgo
234,2005,9.885246,377.579987,1.0,ppm,cgo
235,2005,10.098361,377.679993,1.0,ppm,cgo
236,2005,10.327869,377.619995,1.0,ppm,cgo
237,2005,10.852459,377.815002,1.0,ppm,cgo
238,2005,11.131148,377.65499900000003,1.0,ppm,cgo
239,2005,11.327869,377.700012,1.0,ppm,cgo
240,2005,12.262295,377.829987,1.0,ppm,cgo
241,2005,12.42623,377.859985,1.0,ppm,cgo
242,2005,12.622950999999999,377.704987,1.0,ppm,cgo
243,2005,12.918033,377.679993,1.0,ppm,cgo
244,2006,1.0983610000000001,377.61499,1.0,ppm,cgo
245,2006,1.754098,378.334991,1.0,ppm,cgo
246,2006,2.0655740000000002,377.640015,1.0,ppm,cgo
247,2006,2.295082,377.549988,1.0,ppm,cgo
248,2006,2.655738,377.980011,1.0,ppm,cgo
249,2006,2.885246,377.75,1.0,ppm,cgo
250,2006,3.1967209999999997,377.559998,1.0,ppm,cgo
251,2006,3.5245900000000003,377.660004,1.0,ppm,cgo
252,2006,3.557377,377.850006,1.0,ppm,cgo
253,2006,4.229508,377.690002,1.0,ppm,cgo
254,2006,4.393443,377.804993,1.0,ppm,cgo
255,2006,4.6557379999999995,378.27999900000003,1.0,ppm,cgo
256,2006,5.098361,378.63501,1.0,ppm,cgo
257,2006,5.327869000000001,378.024994,1.0,ppm,cgo
258,2006,5.557377,377.940002,1.0,ppm,cgo
259,2006,6.393443,378.25,1.0,ppm,cgo
260,2006,6.754098,378.315002,1.0,ppm,cgo
261,2006,6.885246,378.36499,1.0,ppm,cgo
262,2006,7.196721000000001,378.505005,1.0,ppm,cgo
263,2006,7.3934429999999995,378.565002,1.0,ppm,cgo
264,2006,8.016392999999999,379.084991,1.0,ppm,cgo
265,2006,8.295082,378.984985,1.0,ppm,cgo
266,2006,8.557377,379.234985,1.0,ppm,cgo
267,2006,8.721311,379.339996,1.0,ppm,cgo
268,2006,8.918033,379.054993,1.0,ppm,cgo
269,2006,9.131148,379.350006,1.0,ppm,cgo
270,2006,9.491802999999999,379.369995,1.0,ppm,cgo
271,2006,9.655738000000001,379.34500099999997,1.0,ppm,cgo
272,2006,9.819672,379.464996,1.0,ppm,cgo
273,2006,10.065574,379.424988,1.0,ppm,cgo
274,2006,10.295082,379.234985,1.0,ppm,cgo
275,2006,10.590164,379.464996,1.0,ppm,cgo
276,2006,10.852459,379.410004,1.0,ppm,cgo
277,2006,11.098361,379.214996,1.0,ppm,cgo
278,2006,11.229508000000001,379.415009,1.0,ppm,cgo
279,2006,11.42623,379.47000099999997,1.0,ppm,cgo
280,2006,11.721311,379.959991,1.0,ppm,cgo
281,2006,11.885246,379.450012,1.0,ppm,cgo
282,2006,12.196721,379.255005,1.0,ppm,cgo
283,2006,12.360656,379.23999,1.0,ppm,cgo
284,2006,12.557377,379.269989,1.0,ppm,cgo
285,2007,1.2622950000000002,379.26001,1.0,ppm,cgo
286,2007,1.983607,379.15499900000003,1.0,ppm,cgo
287,2007,2.229508,379.035004,1.0,ppm,cgo
288,2007,3.163934,379.36499,1.0,ppm,cgo
289,2007,3.491803,379.820007,1.0,ppm,cgo
290,2007,3.983607,379.34500099999997,1.0,ppm,cgo
291,2007,5.262295,379.920013,1.0,ppm,cgo
292,2007,5.688525,380.315002,1.0,ppm,cgo
293,2007,5.983607,380.22000099999997,1.0,ppm,cgo
294,2007,6.393443,380.26001,1.0,ppm,cgo
295,2007,6.655738,380.5,1.0,ppm,cgo
296,2007,6.950819999999999,380.355011,1.0,ppm,cgo
297,2007,7.42623,380.725006,1.0,ppm,cgo
298,2007,7.885246,381.024994,1.0,ppm,cgo
299,2007,8.098361,381.320007,1.0,ppm,cgo
300,2007,8.557377,381.309998,1.0,ppm,cgo
301,2007,8.918033,381.234985,1.0,ppm,cgo
302,2007,9.098361,381.52999900000003,1.0,ppm,cgo
303,2007,9.459016,381.089996,1.0,ppm,cgo
304,2007,9.655738000000001,381.714996,1.0,ppm,cgo
305,2007,10.032786999999999,381.584991,1.0,ppm,cgo
306,2007,10.491802999999999,381.734985,1.0,ppm,cgo
307,2007,10.721311,381.524994,1.0,ppm,cgo
308,2007,10.983607000000001,381.579987,1.0,ppm,cgo
309,2007,11.360656,381.47000099999997,1.0,ppm,cgo
310,2007,11.688525,381.714996,1.0,ppm,cgo
311,2007,12.131148,381.97000099999997,1.0,ppm,cgo
312,2007,12.327869,381.5,1.0,ppm,cgo
313,2007,12.786885,381.535004,1.0,ppm,cgo
314,2008,1.2622950000000002,381.714996,1.0,ppm,cgo
315,2008,1.459016,381.75,1.0,ppm,cgo
0,2000,1.622951,366.540009,1.0,ppm,cgo
1,2000,1.688525,366.304993,1.0,ppm,cgo
2,2000,1.918033,366.410004,1.0,ppm,cgo
3,2000,2.360656,366.174988,1.0,ppm,cgo
4,2000,2.754098,366.640015,1.0,ppm,cgo
5,2000,2.885246,365.920013,1.0,ppm,cgo
6,2000,3.098361,366.165009,1.0,ppm,cgo
7,2000,3.4590160000000005,366.02999900000003,1.0,ppm,cgo
8,2000,3.655738,366.26001,1.0,ppm,cgo
9,2000,3.9508199999999998,366.299988,1.0,ppm,cgo
10,2000,4.196721,366.255005,1.0,ppm,cgo
11,2000,4.459016,366.27999900000003,1.0,ppm,cgo
12,2000,4.590164,366.26001,1.0,ppm,cgo
13,2000,5.196721,366.054993,1.0,ppm,cgo
14,2000,5.491803,366.390015,1.0,ppm,cgo
15,2000,5.721311,366.195007,1.0,ppm,cgo
16,2000,5.983607,366.47000099999997,1.0,ppm,cgo
17,2000,6.229508,366.459991,1.0,ppm,cgo
18,2000,6.42623,366.25,1.0,ppm,cgo
19,2000,6.721311,366.714996,1.0,ppm,cgo
20,2000,6.983607000000001,366.665009,1.0,ppm,cgo
21,2000,7.327869000000001,367.059998,1.0,ppm,cgo
22,2000,7.622951,367.11499,1.0,ppm,cgo
23,2000,7.688525,367.045013,1.0,ppm,cgo
24,2000,7.885246,367.27999900000003,1.0,ppm,cgo
25,2000,8.295082,367.244995,1.0,ppm,cgo
26,2000,8.557377,367.179993,1.0,ppm,cgo
27,2000,8.852459,367.34500099999997,1.0,ppm,cgo
28,2000,9.016392999999999,367.475006,1.0,ppm,cgo
29,2000,9.163934,367.665009,1.0,ppm,cgo
30,2000,9.393443,367.589996,1.0,ppm,cgo
31,2000,9.590164,367.299988,1.0,ppm,cgo
32,2000,9.95082,367.51001,1.0,ppm,cgo
33,2000,10.098361,367.660004,1.0,ppm,cgo
34,2000,10.327869,367.584991,1.0,ppm,cgo
35,2000,10.52459,367.72000099999997,1.0,ppm,cgo
36,2000,10.885246,367.630005,1.0,ppm,cgo
37,2000,11.688525,367.644989,1.0,ppm,cgo
38,2000,11.754097999999999,367.644989,1.0,ppm,cgo
39,2000,12.032786999999999,367.52999900000003,1.0,ppm,cgo
40,2000,12.163934,367.815002,1.0,ppm,cgo
41,2000,12.42623,367.484985,1.0,ppm,cgo
42,2000,12.918033,367.484985,1.0,ppm,cgo
43,2001,1.163934,367.23999,1.0,ppm,cgo
44,2001,1.491803,367.195007,1.0,ppm,cgo
45,2001,1.754098,367.415009,1.0,ppm,cgo
46,2001,1.95082,367.399994,1.0,ppm,cgo
47,2001,2.295082,367.350006,1.0,ppm,cgo
48,2001,2.459016,367.584991,1.0,ppm,cgo
49,2001,2.9180330000000003,367.375,1.0,ppm,cgo
50,2001,3.4262300000000003,367.445007,1.0,ppm,cgo
51,2001,3.7540980000000004,367.660004,1.0,ppm,cgo
52,2001,3.885246,367.309998,1.0,ppm,cgo
53,2001,4.065574,367.375,1.0,ppm,cgo
54,2001,4.360656,367.674988,1.0,ppm,cgo
55,2001,4.6229510000000005,367.825012,1.0,ppm,cgo
56,2001,4.8852459999999995,367.63501,1.0,ppm,cgo
57,2001,5.590164,367.725006,1.0,ppm,cgo
58,2001,5.983607,368.130005,1.0,ppm,cgo
59,2001,6.42623,368.149994,1.0,ppm,cgo
60,2001,6.491803,368.035004,1.0,ppm,cgo
61,2001,6.655738,368.109985,1.0,ppm,cgo
62,2001,6.852459,368.274994,1.0,ppm,cgo
63,2001,7.524589999999999,368.584991,1.0,ppm,cgo
64,2001,7.622951,368.540009,1.0,ppm,cgo
65,2001,7.885246,368.799988,1.0,ppm,cgo
66,2001,8.032786999999999,368.98999,1.0,ppm,cgo
67,2001,8.196721,368.630005,1.0,ppm,cgo
68,2001,8.557377,369.089996,1.0,ppm,cgo
69,2001,9.131148,369.52999900000003,1.0,ppm,cgo
70,2001,9.459016,369.369995,1.0,ppm,cgo
71,2001,9.655738000000001,369.640015,1.0,ppm,cgo
72,2001,9.819672,369.679993,1.0,ppm,cgo
73,2001,10.098361,369.695007,1.0,ppm,cgo
74,2001,10.393443,369.625,1.0,ppm,cgo
75,2001,10.590164,369.820007,1.0,ppm,cgo
76,2001,10.95082,369.450012,1.0,ppm,cgo
77,2001,11.42623,369.540009,1.0,ppm,cgo
78,2001,11.852459,369.190002,1.0,ppm,cgo
79,2001,12.327869,369.63501,1.0,ppm,cgo
80,2001,12.688525,369.399994,1.0,ppm,cgo
81,2002,1.0983610000000001,369.320007,1.0,ppm,cgo
82,2002,1.2622950000000002,369.100006,1.0,ppm,cgo
83,2002,1.459016,369.200012,1.0,ppm,cgo
84,2002,1.95082,369.674988,1.0,ppm,cgo
85,2002,2.590164,369.410004,1.0,ppm,cgo
86,2002,2.688525,369.350006,1.0,ppm,cgo
87,2002,2.885246,369.410004,1.0,ppm,cgo
88,2002,3.229508,369.484985,1.0,ppm,cgo
89,2002,3.4262300000000003,369.47000099999997,1.0,ppm,cgo
90,2002,3.655738,369.524994,1.0,ppm,cgo
91,2002,3.885246,369.5,1.0,ppm,cgo
92,2002,4.1311480000000005,369.589996,1.0,ppm,cgo
93,2002,4.852459,369.839996,1.0,ppm,cgo
94,2002,5.196721,370.02999900000003,1.0,ppm,cgo
95,2002,5.42623,369.945007,1.0,ppm,cgo
96,2002,5.557377,369.940002,1.0,ppm,cgo
97,2002,6.016393,370.015015,1.0,ppm,cgo
98,2002,6.295082,370.26001,1.0,ppm,cgo
99,2002,6.42623,370.575012,1.0,ppm,cgo
100,2002,6.688525,370.350006,1.0,ppm,cgo
101,2002,6.852459,370.600006,1.0,ppm,cgo
102,2002,7.327869000000001,370.855011,1.0,ppm,cgo
103,2002,7.557377000000001,371.070007,1.0,ppm,cgo
104,2002,7.754098,371.589996,1.0,ppm,cgo
105,2002,8.196721,371.22000099999997,1.0,ppm,cgo
106,2002,8.393443,371.315002,1.0,ppm,cgo
107,2002,8.721311,371.515015,1.0,ppm,cgo
108,2002,9.131148,371.704987,1.0,ppm,cgo
109,2002,9.327869,371.734985,1.0,ppm,cgo
110,2002,9.590164,371.825012,1.0,ppm,cgo
111,2002,9.852459,371.795013,1.0,ppm,cgo
112,2002,10.262295,371.855011,1.0,ppm,cgo
113,2002,10.52459,371.684998,1.0,ppm,cgo
114,2002,10.688525,371.815002,1.0,ppm,cgo
115,2002,10.918033,371.920013,1.0,ppm,cgo
116,2002,11.163934,371.59500099999997,1.0,ppm,cgo
117,2002,11.42623,371.825012,1.0,ppm,cgo
118,2002,11.721311,371.674988,1.0,ppm,cgo
119,2002,11.852459,371.690002,1.0,ppm,cgo
120,2002,12.163934,371.755005,1.0,ppm,cgo
121,2002,12.360656,371.290009,1.0,ppm,cgo
122,2002,12.754097999999999,371.579987,1.0,ppm,cgo
123,2003,1.459016,371.559998,1.0,ppm,cgo
124,2003,1.688525,371.454987,1.0,ppm,cgo
125,2003,1.983607,371.549988,1.0,ppm,cgo
126,2003,2.42623,371.505005,1.0,ppm,cgo
127,2003,2.590164,371.84500099999997,1.0,ppm,cgo
128,2003,2.852459,371.98999,1.0,ppm,cgo
129,2003,3.131148,371.815002,1.0,ppm,cgo
130,2003,3.4262300000000003,371.869995,1.0,ppm,cgo
131,2003,3.655738,371.869995,1.0,ppm,cgo
132,2003,4.016393,371.84500099999997,1.0,ppm,cgo
133,2003,4.262295,371.940002,1.0,ppm,cgo
134,2003,4.491803,372.054993,1.0,ppm,cgo
135,2003,4.983607,372.325012,1.0,ppm,cgo
136,2003,5.295082,372.25,1.0,ppm,cgo
137,2003,5.688525,372.390015,1.0,ppm,cgo
138,2003,5.918033,372.380005,1.0,ppm,cgo
139,2003,6.098361,372.684998,1.0,ppm,cgo
140,2003,6.42623,372.714996,1.0,ppm,cgo
141,2003,6.622951,372.63501,1.0,ppm,cgo
142,2003,6.754098,372.75,1.0,ppm,cgo
143,2003,7.262295,372.920013,1.0,ppm,cgo
144,2003,7.524589999999999,373.035004,1.0,ppm,cgo
145,2003,7.819672,373.410004,1.0,ppm,cgo
146,2003,8.459016,373.700012,1.0,ppm,cgo
147,2003,8.819672,373.950012,1.0,ppm,cgo
148,2003,9.032786999999999,373.98999,1.0,ppm,cgo
149,2003,9.163934,374.040009,1.0,ppm,cgo
150,2003,9.852459,374.054993,1.0,ppm,cgo
151,2003,10.262295,373.924988,1.0,ppm,cgo
152,2003,10.688525,373.954987,1.0,ppm,cgo
153,2003,11.163934,373.524994,1.0,ppm,cgo
154,2003,11.360656,373.690002,1.0,ppm,cgo
155,2003,11.852459,373.644989,1.0,ppm,cgo
156,2003,12.032786999999999,373.725006,1.0,ppm,cgo
157,2003,12.42623,373.649994,1.0,ppm,cgo
158,2003,12.754097999999999,373.459991,1.0,ppm,cgo
159,2004,1.229508,373.480011,1.0,ppm,cgo
160,2004,1.459016,373.39300499999996,1.0,ppm,cgo
161,2004,1.721311,373.899994,1.0,ppm,cgo
162,2004,2.0655740000000002,373.315002,1.0,ppm,cgo
163,2004,2.42623,373.855011,1.0,ppm,cgo
164,2004,2.590164,373.559998,1.0,ppm,cgo
165,2004,2.754098,373.84500099999997,1.0,ppm,cgo
166,2004,3.032787,373.640015,1.0,ppm,cgo
167,2004,3.163934,373.65499900000003,1.0,ppm,cgo
168,2004,3.393443,373.915009,1.0,ppm,cgo
169,2004,3.622951,374.165009,1.0,ppm,cgo
170,2004,3.8524589999999996,373.765015,1.0,ppm,cgo
171,2004,4.032787,373.765015,1.0,ppm,cgo
172,2004,4.196721,373.76001,1.0,ppm,cgo
173,2004,4.754098,373.769989,1.0,ppm,cgo
174,2004,4.983607,374.054993,1.0,ppm,cgo
175,2004,5.1311480000000005,374.299988,1.0,ppm,cgo
176,2004,5.6229510000000005,374.100006,1.0,ppm,cgo
177,2004,5.819672,374.40499900000003,1.0,ppm,cgo
178,2004,6.065574,374.434998,1.0,ppm,cgo
179,2004,6.327869000000001,374.52999900000003,1.0,ppm,cgo
180,2004,6.491803,374.994995,1.0,ppm,cgo
181,2004,6.688525,374.579987,1.0,ppm,cgo
182,2004,6.983607000000001,374.855011,1.0,ppm,cgo
183,2004,7.163933999999999,374.890015,1.0,ppm,cgo
184,2004,7.622951,374.910004,1.0,ppm,cgo
185,2004,7.852459,375.334991,1.0,ppm,cgo
186,2004,8.098361,375.390015,1.0,ppm,cgo
187,2004,8.327869,375.25,1.0,ppm,cgo
188,2004,9.016392999999999,375.75,1.0,ppm,cgo
189,2004,9.42623,375.420013,1.0,ppm,cgo
190,2004,9.557377,375.394989,1.0,ppm,cgo
191,2004,9.754097999999999,375.420013,1.0,ppm,cgo
192,2004,9.885246,375.684998,1.0,ppm,cgo
193,2004,10.131148,375.61499,1.0,ppm,cgo
194,2004,10.42623,375.47000099999997,1.0,ppm,cgo
195,2004,10.819672,375.549988,1.0,ppm,cgo
196,2004,11.065574,375.51001,1.0,ppm,cgo
197,2004,11.262295,375.589996,1.0,ppm,cgo
198,2004,11.459016,375.584991,1.0,ppm,cgo
199,2004,11.983607000000001,376.23999,1.0,ppm,cgo
200,2004,12.459016,375.434998,1.0,ppm,cgo
201,2004,12.52459,375.674988,1.0,ppm,cgo
202,2004,12.655738000000001,375.225006,1.0,ppm,cgo
203,2004,12.786885,375.48999,1.0,ppm,cgo
204,2005,1.163934,375.665009,1.0,ppm,cgo
205,2005,1.459016,375.140015,1.0,ppm,cgo
206,2005,1.557377,375.070007,1.0,ppm,cgo
207,2005,1.7868849999999998,375.579987,1.0,ppm,cgo
208,2005,2.295082,375.149994,1.0,ppm,cgo
209,2005,2.491803,375.170013,1.0,ppm,cgo
210,2005,2.819672,375.359985,1.0,ppm,cgo
211,2005,3.0655740000000002,375.390015,1.0,ppm,cgo
212,2005,3.229508,375.334991,1.0,ppm,cgo
213,2005,3.491803,375.519989,1.0,ppm,cgo
214,2005,4.196721,375.325012,1.0,ppm,cgo
215,2005,4.360656,375.454987,1.0,ppm,cgo
216,2005,4.590164,375.704987,1.0,ppm,cgo
217,2005,4.852459,375.660004,1.0,ppm,cgo
218,2005,5.295082,376.065002,1.0,ppm,cgo
219,2005,5.754098,376.369995,1.0,ppm,cgo
220,2005,5.852459,376.334991,1.0,ppm,cgo
221,2005,6.032787,376.309998,1.0,ppm,cgo
222,2005,6.557377000000001,377.355011,1.0,ppm,cgo
223,2005,6.918033,377.299988,1.0,ppm,cgo
224,2005,7.229508,376.940002,1.0,ppm,cgo
225,2005,7.360656,376.769989,1.0,ppm,cgo
226,2005,7.590164,377.11499,1.0,ppm,cgo
227,2005,7.852459,377.445007,1.0,ppm,cgo
228,2005,8.131148,377.434998,1.0,ppm,cgo
229,2005,8.295082,377.619995,1.0,ppm,cgo
230,2005,8.491802999999999,377.59500099999997,1.0,ppm,cgo
231,2005,8.721311,377.605011,1.0,ppm,cgo
232,2005,9.032786999999999,377.559998,1.0,ppm,cgo
233,2005,9.393443,377.785004,1.0,ppm,cgo
234,2005,9.885246,377.579987,1.0,ppm,cgo
235,2005,10.098361,377.679993,1.0,ppm,cgo
236,2005,10.327869,377.619995,1.0,ppm,cgo
237,2005,10.852459,377.815002,1.0,ppm,cgo
238,2005,11.131148,377.65499900000003,1.0,ppm,cgo
239,2005,11.327869,377.700012,1.0,ppm,cgo
240,2005,12.262295,377.829987,1.0,ppm,cgo
241,2005,12.42623,377.859985,1.0,ppm,cgo
242,2005,12.622950999999999,377.704987,1.0,ppm,cgo
243,2005,12.918033,377.679993,1.0,ppm,cgo
244,2006,1.0983610000000001,377.61499,1.0,ppm,cgo
245,2006,1.754098,378.334991,1.0,ppm,cgo
246,2006,2.0655740000000002,377.640015,1.0,ppm,cgo
247,2006,2.295082,377.549988,1.0,ppm,cgo
248,2006,2.655738,377.980011,1.0,ppm,cgo
249,2006,2.885246,377.75,1.0,ppm,cgo
250,2006,3.1967209999999997,377.559998,1.0,ppm,cgo
251,2006,3.5245900000000003,377.660004,1.0,ppm,cgo
252,2006,3.557377,377.850006,1.0,ppm,cgo
253,2006,4.229508,377.690002,1.0,ppm,cgo
254,2006,4.393443,377.804993,1.0,ppm,cgo
255,2006,4.6557379999999995,378.27999900000003,1.0,ppm,cgo
256,2006,5.098361,378.63501,1.0,ppm,cgo
257,2006,5.327869000000001,378.024994,1.0,ppm,cgo
258,2006,5.557377,377.940002,1.0,ppm,cgo
259,2006,6.393443,378.25,1.0,ppm,cgo
260,2006,6.754098,378.315002,1.0,ppm,cgo
261,2006,6.885246,378.36499,1.0,ppm,cgo
262,2006,7.196721000000001,378.505005,1.0,ppm,cgo
263,2006,7.3934429999999995,378.565002,1.0,ppm,cgo
264,2006,8.016392999999999,379.084991,1.0,ppm,cgo
265,2006,8.295082,378.984985,1.0,ppm,cgo
266,2006,8.557377,379.234985,1.0,ppm,cgo
267,2006,8.721311,379.339996,1.0,ppm,cgo
268,2006,8.918033,379.054993,1.0,ppm,cgo
269,2006,9.131148,379.350006,1.0,ppm,cgo
270,2006,9.491802999999999,379.369995,1.0,ppm,cgo
271,2006,9.655738000000001,379.34500099999997,1.0,ppm,cgo
272,2006,9.819672,379.464996,1.0,ppm,cgo
273,2006,10.065574,379.424988,1.0,ppm,cgo
274,2006,10.295082,379.234985,1.0,ppm,cgo
275,2006,10.590164,379.464996,1.0,ppm,cgo
276,2006,10.852459,379.410004,1.0,ppm,cgo
277,2006,11.098361,379.214996,1.0,ppm,cgo
278,2006,11.229508000000001,379.415009,1.0,ppm,cgo
279,2006,11.42623,379.47000099999997,1.0,ppm,cgo
280,2006,11.721311,379.959991,1.0,ppm,cgo
281,2006,11.885246,379.450012,1.0,ppm,cgo
282,2006,12.196721,379.255005,1.0,ppm,cgo
283,2006,12.360656,379.23999,1.0,ppm,cgo
284,2006,12.557377,379.269989,1.0,ppm,cgo
285,2007,1.2622950000000002,379.26001,1.0,ppm,cgo
286,2007,1.983607,379.15499900000003,1.0,ppm,cgo
287,2007,2.229508,379.035004,1.0,ppm,cgo
288,2007,3.163934,379.36499,1.0,ppm,cgo
289,2007,3.491803,379.820007,1.0,ppm,cgo
290,2007,3.983607,379.34500099999997,1.0,ppm,cgo
291,2007,5.262295,379.920013,1.0,ppm,cgo
292,2007,5.688525,380.315002,1.0,ppm,cgo
293,2007,5.983607,380.22000099999997,1.0,ppm,cgo
294,2007,6.393443,380.26001,1.0,ppm,cgo
295,2007,6.655738,380.5,1.0,ppm,cgo
296,2007,6.950819999999999,380.355011,1.0,ppm,cgo
297,2007,7.42623,380.725006,1.0,ppm,cgo
298,2007,7.885246,381.024994,1.0,ppm,cgo
299,2007,8.098361,381.320007,1.0,ppm,cgo
300,2007,8.557377,381.309998,1.0,ppm,cgo
301,2007,8.918033,381.234985,1.0,ppm,cgo
302,2007,9.098361,381.52999900000003,1.0,ppm,cgo
303,2007,9.459016,381.089996,1.0,ppm,cgo
304,2007,9.655738000000001,381.714996,1.0,ppm,cgo
305,2007,10.032786999999999,381.584991,1.0,ppm,cgo
306,2007,10.491802999999999,381.734985,1.0,ppm,cgo
307,2007,10.721311,381.524994,1.0,ppm,cgo
308,2007,10.983607000000001,381.579987,1.0,ppm,cgo
309,2007,11.360656,381.47000099999997,1.0,ppm,cgo
310,2007,11.688525,381.714996,1.0,ppm,cgo
311,2007,12.131148,381.97000099999997,1.0,ppm,cgo
312,2007,12.327869,381.5,1.0,ppm,cgo
313,2007,12.786885,381.535004,1.0,ppm,cgo
314,2008,1.2622950000000002,381.714996,1.0,ppm,cgo
315,2008,1.459016,381.75,1.0,ppm,cgo
